mode,avg_semantic_similarity,avg_f1_score,avg_hallucination_rate,avg_faithfulness,improvement_semantic_pct,improvement_f1_pct,improvement_hallucination_pct,improvement_faithfulness_pct
none,-0.003638606518507004,0.07692307692307691,1.0,0.0,,,,
vectordb,-0.003638606518507004,0.07692307692307691,1.0,0.0,0.0,0.0,0.0,
kg,0.5030162930488586,0.19548872180451127,0.0,1.0,13924.421258258413,154.13533834586468,100.0,
hybrid,0.43814072012901306,0.11513157894736842,0.0,1.0,12141.442730905439,49.67105263157896,100.0,
