mode,avg_semantic_similarity,avg_f1_score,avg_hallucination_rate,avg_faithfulness,improvement_semantic_pct,improvement_f1_pct,improvement_hallucination_pct,improvement_faithfulness_pct
none,-0.003638606518507004,0.07692307692307691,1.0,0.0,,,,
vectordb,0.24095508456230164,0.14835164835164832,0.5,0.5,6722.18031371995,92.85714285714285,50.0,
kg,0.5030162930488586,0.19548872180451127,0.0,1.0,13924.421258258413,154.13533834586468,100.0,
hybrid,0.43299010396003723,0.12406015037593984,0.0,1.0,11999.888096108345,61.27819548872182,100.0,
